-- -----------------------------------------------------
-- Data for table public.persons
-- -----------------------------------------------------
INSERT INTO public.persons (email, first_name, last_name, pwd, avatar, phone, created_at, updated_at)
  VALUES('rimeson0@drupal.org', 'Rowen', 'Imeson', '83c42f38884494fe75f740387405dc62879e4799d66d54bbe7f2e25af63d5e2d', 'https://robohash.org/officiafacerevel.png?size=50x50&set=set1', '1489000442', '2021-10-29 15:00:00', '2021-10-29 15:00:00');
INSERT INTO public.persons (email, first_name, last_name, pwd, avatar, phone, created_at, updated_at)
  VALUES('cpearl1@yandex.ru', 'Cris', 'Pearl', 'c63f601f3619a73b825ab4c08c80146277b932545b928997bf308981d84eab9b', 'https://robohash.org/totamveritatisiste.png?size=50x50&set=set1', '8682671840', '2021-10-29 15:00:00', '2021-10-29 15:00:00');
INSERT INTO public.persons (email, first_name, last_name, pwd, avatar, phone, created_at, updated_at)
  VALUES('aryam2@state.tx.us', 'Augusto', 'Ryam', 'f7be5c6b0ecabeec2685145eb52bad0cae10e30d9f7248c99b51036c98cc1ce4', 'https://robohash.org/rationeimpeditodio.png?size=50x50&set=set1', '9264100873', '2021-10-29 15:00:00', '2021-10-29 15:00:00');
INSERT INTO public.persons (email, first_name, last_name, pwd, avatar, phone, created_at, updated_at)
  VALUES('sblowfield3@unesco.org', 'Serge', 'Blowfield', '3d39b77c0f348231897e45049a75253ae6d468ef39fe0c05485446c97f8f6c0e', 'https://robohash.org/cupiditatevelitvel.png?size=50x50&set=set1', '9415179003', '2021-10-29 15:00:00', '2021-10-29 15:00:00');
INSERT INTO public.persons (email, first_name, last_name, pwd, avatar, phone, created_at, updated_at)
  VALUES('mthurstance4@ed.gov', 'Melody', 'Thurstance', '1192fbe8eb4e375917a170b7b66dea059707f2d4091cba5cff35324e5c271ef0', 'https://robohash.org/odiocupiditateomnis.png?size=50x50&set=set1', '1422414023', '2021-10-29 15:00:00', '2021-10-29 15:00:00');
INSERT INTO public.persons (email, first_name, last_name, pwd, avatar, phone, created_at, updated_at)
  VALUES('aewins5@cbslocal.com', 'Abra', 'Ewins', '175ba6cc01483876b4da06d86e62f5de15366a012fc3cb15831dc673bc401373', 'https://robohash.org/veritatismaioresnon.png?size=50x50&set=set1', '4624321001', '2021-10-29 15:00:00', '2021-10-29 15:00:00');
INSERT INTO public.persons (email, first_name, last_name, pwd, avatar, phone, created_at, updated_at)
  VALUES('schatelet6@flavors.me', 'Stephanie', 'Chatelet', '7129c38ab7ece8357ed2375e8feb5440c7b5e6ca0b2912931e67509b8d378db0', 'https://robohash.org/repellendusaccusantiumet.png?size=50x50&set=set1', '9645409402', '2021-10-29 15:00:00', '2021-10-29 15:00:00');
INSERT INTO public.persons (email, first_name, last_name, pwd, avatar, phone, created_at, updated_at)
  VALUES('onickolls7@cocolog-nifty.com', 'Olympia', 'Nickolls', '2142891e6a6458f5e2ebb5128cc1e33f3dabb68ae4ed883c981cb557c0c28699', 'https://robohash.org/velmagnamut.png?size=50x50&set=set1', '3277826672', '2021-10-29 15:00:00', '2021-10-29 15:00:00');
INSERT INTO public.persons (email, first_name, last_name, pwd, avatar, phone, created_at, updated_at)
  VALUES('wgrob8@mediafire.com', 'Wilhelmina', 'Grob', '08b8d486d27c02d6e04eb386c6a4b99b7221c000acb45981c517870c17c17256', 'https://robohash.org/esteiusneque.png?size=50x50&set=set1', '9915688792', '2021-10-29 15:00:00', '2021-10-29 15:00:00');
INSERT INTO public.persons (email, first_name, last_name, pwd, avatar, phone, created_at, updated_at)
  VALUES('acrockatt9@ycombinator.com', 'Ailis', 'Crockatt', '4d0ae2fb373131382febedaeb4337d5e69554e043a1289bbd3f154150ad19bd6', 'https://robohash.org/sintrecusandaererum.png?size=50x50&set=set1', '4009253555', '2021-10-29 15:00:00', '2021-10-29 15:00:00');
INSERT INTO public.persons (email, first_name, last_name, pwd, avatar, phone, created_at, updated_at)
  VALUES('crippera@github.io', 'Cheston', 'Ripper', '0eb45cf87830f2b088264b94963a746322d26f7723309839f1b2a6936b672c1c', 'https://robohash.org/sedcorruptilabore.png?size=50x50&set=set1', '3321001518', '2021-10-29 15:00:00', '2021-10-29 15:00:00');
INSERT INTO public.persons (email, first_name, last_name, pwd, avatar, phone, created_at, updated_at)
  VALUES('dklimusb@google.com.hk', 'Dotty', 'Klimus', '33b5ebbf55e14096505055c06de84432d43ab78a192ce945839f72a454a00fd1', 'https://robohash.org/faceredoloremfuga.png?size=50x50&set=set1', '8953791814', '2021-10-29 15:00:00', '2021-10-29 15:00:00');
INSERT INTO public.persons (email, first_name, last_name, pwd, avatar, phone, created_at, updated_at)
  VALUES('bsavinec@techcrunch.com', 'Bonnee', 'Savine', 'b042a48ccc67c2aa93506b31294d3e2612962a76607c17f583aeaab3517acce2', 'https://robohash.org/itaquequinobis.png?size=50x50&set=set1', '2215023078', '2021-10-29 15:00:00', '2021-10-29 15:00:00');
INSERT INTO public.persons (email, first_name, last_name, pwd, avatar, phone, created_at, updated_at)
  VALUES('igrocuttd@typepad.com', 'Ileane', 'Grocutt', 'f17a3ba9dc73fb5b42116e1da33f85085b019ef404f4db727afef8727263ddf2', 'https://robohash.org/nonullamneque.png?size=50x50&set=set1', '8015560172', '2021-10-29 15:00:00', '2021-10-29 15:00:00');
INSERT INTO public.persons (email, first_name, last_name, pwd, avatar, phone, created_at, updated_at)
  VALUES('dolerenshawe@dedecms.com', 'Delphinia', 'Olerenshaw', '206f18bf5af0e351a7b0c1ca15457d57c8cd4913ef78942bd982f8d20cc97788', 'https://robohash.org/itaquemaiorestempore.png?size=50x50&set=set1', '8128249926', '2021-10-29 15:00:00', '2021-10-29 15:00:00');
INSERT INTO public.persons (email, first_name, last_name, pwd, avatar, phone, created_at, updated_at)
  VALUES('gsigsworthf@umn.edu', 'Gregoor', 'Sigsworth', '18aa9b13b21766d994412ecbe8bb26eb097ab036ddf17c645662a2fedbb8aed0', 'https://robohash.org/indoloreest.png?size=50x50&set=set1', '8925216453', '2021-10-29 15:00:00', '2021-10-29 15:00:00');
INSERT INTO public.persons (email, first_name, last_name, pwd, avatar, phone, created_at, updated_at)
  VALUES('ebertholing@cbslocal.com', 'Ellette', 'Bertholin', 'de1f58f5246e85a87fc8c2e71f92308a13ddc16e6f785f2765b5a061098d7b8b', 'https://robohash.org/quamvelitodit.png?size=50x50&set=set1', '3984780876', '2021-10-29 15:00:00', '2021-10-29 15:00:00');
INSERT INTO public.persons (email, first_name, last_name, pwd, avatar, phone, created_at, updated_at)
  VALUES('ffinlaterh@europa.eu', 'Farica', 'Finlater', '3bae90cebd4f023c9ce934d2fe9013526f2977a4984fb22831acce8f84b3df0b', 'https://robohash.org/dictaanimivoluptate.png?size=50x50&set=set1', '5206424637', '2021-10-29 15:00:00', '2021-10-29 15:00:00');
INSERT INTO public.persons (email, first_name, last_name, pwd, avatar, phone, created_at, updated_at)
  VALUES('jfatheri@dion.ne.jp', 'Jarrod', 'Father', '824fc8a57006154762876ad4e0f4949184133e54c6ca6fabce9d1fbc7797fd01', 'https://robohash.org/doloremdolorumet.png?size=50x50&set=set1', '3458299176', '2021-10-29 15:00:00', '2021-10-29 15:00:00');
INSERT INTO public.persons (email, first_name, last_name, pwd, avatar, phone, created_at, updated_at)
  VALUES('pmcmeekinj@bing.com', 'Phillipe', 'Mc Meekin', '22643ae7e0956913ce8f57b99171011af4518ccae65f40e8fcaa70cc8011a143', 'https://robohash.org/quiquinobis.png?size=50x50&set=set1', '4818188822', '2021-10-29 15:00:00', '2021-10-29 15:00:00');
INSERT INTO public.persons (email, first_name, last_name, pwd, avatar, phone, created_at, updated_at)
  VALUES('kbernardosk@shop-pro.jp', 'Kristoffer', 'Bernardos', 'dad4faeab6e8d555784d6df8ea8e0bc2cd69b884a0bf5370f300952fc7726e1c', 'https://robohash.org/rerumfacereeos.png?size=50x50&set=set1', '4182393098', '2021-10-29 15:00:00', '2021-10-29 15:00:00');
INSERT INTO public.persons (email, first_name, last_name, pwd, avatar, phone, created_at, updated_at)
  VALUES('dponderl@shutterfly.com', 'Dill', 'Ponder', '09973755bfc563079e594027894fc95d02df0c61a95d6f9f2c61f4826b129ade', 'https://robohash.org/suscipiteain.png?size=50x50&set=set1', '7445181640', '2021-10-29 15:00:00', '2021-10-29 15:00:00');
INSERT INTO public.persons (email, first_name, last_name, pwd, avatar, phone, created_at, updated_at)
  VALUES('ctiptaftm@webmd.com', 'Connor', 'Tiptaft', '897aaa3594746b48e400342d6dc74bb1da2d99a433740dde2afbbb7491185092', 'https://robohash.org/facerequibusdameveniet.png?size=50x50&set=set1', '8889383239', '2021-10-29 15:00:00', '2021-10-29 15:00:00');
INSERT INTO public.persons (email, first_name, last_name, pwd, avatar, phone, created_at, updated_at)
  VALUES('nwhitseyn@theglobeandmail.com', 'Nap', 'Whitsey', '9949ae6a8ca22e0b7a408adec9eeae0f07721745479b775b2b51a9a9263e76b2', 'https://robohash.org/etetassumenda.png?size=50x50&set=set1', '3704555217', '2021-10-29 15:00:00', '2021-10-29 15:00:00');
INSERT INTO public.persons (email, first_name, last_name, pwd, avatar, phone, created_at, updated_at)
  VALUES('sclausnero@globo.com', 'Shamus', 'Clausner', '546baf9a64e7ab510682f296183d25764b5543d68420bc450add159fde97b458', 'https://robohash.org/veniamquiafugit.png?size=50x50&set=set1', '4884802456', '2021-10-29 15:00:00', '2021-10-29 15:00:00');
-- -----------------------------------------------------
-- Data for table public.role_types
-- -----------------------------------------------------
INSERT INTO public.role_types (slug, title, created_at, updated_at)
  VALUES('global', 'Global role', '2021-10-29 15:00:00', '2021-10-29 15:00:00');
INSERT INTO public.role_types (slug, title, created_at, updated_at)
  VALUES('project', 'Project role', '2021-10-29 15:00:00', '2021-10-29 15:00:00');
INSERT INTO public.role_types (slug, title, created_at, updated_at)
  VALUES('development', 'Development role', '2021-10-29 15:00:00', '2021-10-29 15:00:00');
INSERT INTO public.role_types (slug, title, created_at, updated_at)
  VALUES('demo', 'Demo role', '2021-10-29 15:00:00', '2021-10-29 15:00:00');
INSERT INTO public.role_types (slug, title, created_at, updated_at)
  VALUES('testing', 'Testing role', '2021-10-29 15:00:00', '2021-10-29 15:00:00');
-- -----------------------------------------------------
-- Data for table public.roles
-- -----------------------------------------------------
INSERT INTO public.roles (slug, title, id_role_type, created_at, updated_at)
  VALUES('global-admin', 'Admin', 1, '2021-10-29 15:00:00', '2021-10-29 15:00:00');
INSERT INTO public.roles (slug, title, id_role_type, created_at, updated_at)
  VALUES('global-user', 'User', 1, '2021-10-29 15:00:00', '2021-10-29 15:00:00');
INSERT INTO public.roles (slug, title, id_role_type, created_at, updated_at)
  VALUES('project-admin', 'Project admin', 2, '2021-10-29 15:00:00', '2021-10-29 15:00:00');
INSERT INTO public.roles (slug, title, id_role_type, created_at, updated_at)
  VALUES('project-tester', 'Tester', 2, '2021-10-29 15:00:00', '2021-10-29 15:00:00');
INSERT INTO public.roles (slug, title, id_role_type, created_at, updated_at)
  VALUES('project-manager', 'Manager', 2, '2021-10-29 15:00:00', '2021-10-29 15:00:00');
-- -----------------------------------------------------
-- Data for table public.person2role
-- -----------------------------------------------------
INSERT INTO public.person2role (id_person, id_role)
  VALUES (1, 1);
INSERT INTO public.person2role (id_person, id_role)
  VALUES (2, 2);
INSERT INTO public.person2role (id_person, id_role)
  VALUES (3, 2);
INSERT INTO public.person2role (id_person, id_role)
  VALUES (4, 2);
INSERT INTO public.person2role (id_person, id_role)
  VALUES (5, 2);
INSERT INTO public.person2role (id_person, id_role)
  VALUES (6, 2);
INSERT INTO public.person2role (id_person, id_role)
  VALUES (7, 2);
INSERT INTO public.person2role (id_person, id_role)
  VALUES (8, 2);
INSERT INTO public.person2role (id_person, id_role)
  VALUES (9, 2);
INSERT INTO public.person2role (id_person, id_role)
  VALUES (10, 2);
INSERT INTO public.person2role (id_person, id_role)
  VALUES (11, 2);
INSERT INTO public.person2role (id_person, id_role)
  VALUES (12, 2);
INSERT INTO public.person2role (id_person, id_role)
  VALUES (13, 2);
INSERT INTO public.person2role (id_person, id_role)
  VALUES (14, 2);
INSERT INTO public.person2role (id_person, id_role)
  VALUES (15, 2);
INSERT INTO public.person2role (id_person, id_role)
  VALUES (16, 2);
INSERT INTO public.person2role (id_person, id_role)
  VALUES (17, 2);
INSERT INTO public.person2role (id_person, id_role)
  VALUES (18, 2);
INSERT INTO public.person2role (id_person, id_role)
  VALUES (19, 2);
INSERT INTO public.person2role (id_person, id_role)
  VALUES (20, 2);
INSERT INTO public.person2role (id_person, id_role)
  VALUES (21, 2);
INSERT INTO public.person2role (id_person, id_role)
  VALUES (22, 2);
INSERT INTO public.person2role (id_person, id_role)
  VALUES (23, 2);
INSERT INTO public.person2role (id_person, id_role)
  VALUES (24, 2);
INSERT INTO public.person2role (id_person, id_role)
  VALUES (25, 2);
-- -----------------------------------------------------
-- Data for table public.permissions
-- -----------------------------------------------------
INSERT INTO public.permissions (slug, title, created_at, updated_at)
  VALUES('read', 'Can read', '2021-10-29 15:00:00', '2021-10-29 15:00:00');
INSERT INTO public.permissions (slug, title, created_at, updated_at)
  VALUES('write', 'Can write', '2021-10-29 15:00:00', '2021-10-29 15:00:00');
INSERT INTO public.permissions (slug, title, created_at, updated_at)
  VALUES('invite', 'Can invite to project', '2021-10-29 15:00:00', '2021-10-29 15:00:00');
INSERT INTO public.permissions (id_permission, slug, title, created_at, updated_at)
  VALUES('create-task', 'Can create task', '2021-10-29 15:00:00', '2021-10-29 15:00:00');
INSERT INTO public.permissions (slug, title, created_at, updated_at)
  VALUES('create-checklist', 'Can create checklist', '2021-10-29 15:00:00', '2021-10-29 15:00:00');
INSERT INTO public.permissions (slug, title, created_at, updated_at)
  VALUES('view-vuln', 'Can see vulnerabilities', '2021-10-29 15:00:00', '2021-10-29 15:00:00');
-- -----------------------------------------------------
-- Data for table public.role2permission
-- -----------------------------------------------------
INSERT INTO public.role2permission (id_role, id_permission)
  VALUES (1, 1);
INSERT INTO public.role2permission (id_role, id_permission)
  VALUES (2, 1);
INSERT INTO public.role2permission (id_role, id_permission)
  VALUES (3, 1);
INSERT INTO public.role2permission (id_role, id_permission)
  VALUES (4, 1);
INSERT INTO public.role2permission (id_role, id_permission)
  VALUES (5, 1);
INSERT INTO public.role2permission (id_role, id_permission)
  VALUES (1, 2);
INSERT INTO public.role2permission (id_role, id_permission)
  VALUES (3, 2);
INSERT INTO public.role2permission (id_role, id_permission)
  VALUES (4, 2);
INSERT INTO public.role2permission (id_role, id_permission)
  VALUES (2, 3);
-- -----------------------------------------------------
-- Data for table public.projects
-- -----------------------------------------------------
INSERT INTO public.projects (slug, title, description, start_date, end_date, created_at, updated_at)
  VALUES('but', 'Brno University of Technology', 'Pentesting main website', '2021-10-20', '2022-01-30', '2021-10-29 15:00:00', '2021-10-29 15:00:00');
INSERT INTO public.projects (slug, title, description, start_date, end_date, created_at, updated_at)
  VALUES('muni', 'Masaryk University', 'Pentesting IS', '2021-09-10', '2022-01-11', '2021-10-29 15:00:00', '2021-10-29 15:00:00');
INSERT INTO public.projects (slug, title, description, start_date, end_date, created_at, updated_at)
  VALUES('ctu', 'Czech Technical University in Prague', 'Staff Information System', '2021-08-23', '2021-12-12', '2021-10-29 15:00:00', '2021-10-29 15:00:00');
INSERT INTO public.projects (slug, title, description, start_date, end_date, created_at, updated_at)
  VALUES('trello', 'Trello', 'App security audit', '2021-10-10', '2022-01-20', '2021-10-29 15:00:00', '2021-10-29 15:00:00');
INSERT INTO public.projects (slug, title, description, start_date, end_date, created_at, updated_at)
  VALUES('mattermost', 'Mattermost', 'App postgres', '2021-09-19', '2021-12-02', '2021-10-29 15:00:00', '2021-10-29 15:00:00');
-- -----------------------------------------------------
-- Data for table public.tasks
-- -----------------------------------------------------
INSERT INTO public.tasks (id_project, slug, title, description, created_at, updated_at)
  VALUES(2, 'user-permissions', 'Scan system', 'Lorem ipsum dolor sit amet, consectetuer adipiscing elit.', '2021-10-29 15:00:00', '2021-10-29 15:00:00');
INSERT INTO public.tasks (id_project, slug, title, description, created_at, updated_at)
  VALUES(1, 'scan-pages', 'Scan all pages', 'Lorem ipsum dolor sit amet, consectetuer adipiscing elit.', '2021-10-29 15:00:00', '2021-10-29 15:00:00');
INSERT INTO public.tasks (id_project, slug, title, description, created_at, updated_at)
  VALUES(2, 'test-file-uploads', 'Test file uploads', 'Lorem ipsum dolor sit amet, consectetuer adipiscing elit.', '2021-10-29 15:00:00', '2021-10-29 15:00:00');
INSERT INTO public.tasks (id_project, slug, title, description, created_at, updated_at)
  VALUES(2, 'test-user-permissions', 'Test user permissions', 'Lorem ipsum dolor sit amet, consectetuer adipiscing elit.', '2021-10-29 15:00:00', '2021-10-29 15:00:00');
INSERT INTO public.tasks (id_project, slug, title, description, created_at, updated_at)
  VALUES(1, 'test-login-registration-system', 'Test login / registration system', 'Lorem ipsum dolor sit amet, consectetuer adipiscing elit.', '2021-10-29 15:00:00', '2021-10-29 15:00:00');
INSERT INTO public.tasks (id_project, slug, title, description, created_at, updated_at)
  VALUES(2, 'test-brute-force', 'Test brute force protection', 'Lorem ipsum dolor sit amet, consectetuer adipiscing elit.', '2021-10-29 15:00:00', '2021-10-29 15:00:00');
INSERT INTO public.tasks (id_project, slug, title, description, created_at, updated_at)
  VALUES(1, 'map-libs', 'Map libraries', 'Lorem ipsum dolor sit amet, consectetuer adipiscing elit.', '2021-10-29 15:00:00', '2021-10-29 15:00:00');
INSERT INTO public.tasks (id_project, slug, title, description, created_at, updated_at)
  VALUES(1, 'misconfigs', 'Check misconfiguration', 'Lorem ipsum dolor sit amet, consectetuer adipiscing elit.', '2021-10-29 15:00:00', '2021-10-29 15:00:00');
INSERT INTO public.tasks (id_project, slug, title, description, created_at, updated_at)
  VALUES(2, 'modules', 'Test all modules', 'Lorem ipsum dolor sit amet, consectetuer adipiscing elit.', '2021-10-29 15:00:00', '2021-10-29 15:00:00');
INSERT INTO public.tasks (id_project, slug, title, description, created_at, updated_at)
  VALUES(1, 'sessions', 'Session testing', 'Lorem ipsum dolor sit amet, consectetuer adipiscing elit.', '2021-10-29 15:00:00', '2021-10-29 15:00:00');
-- -----------------------------------------------------
-- Data for table public.documents
-- -----------------------------------------------------
INSERT INTO public.documents (id_person, document_name, document_path)
  VALUES(1, 'JustoInBlandit.mp3', '/documents/rimeson0@drupal.org/');
INSERT INTO public.documents (id_person, document_name, document_path)
  VALUES(1, 'In.mp3', '/documents/rimeson0@drupal.org/');
INSERT INTO public.documents (id_person, document_name, document_path)
  VALUES(4, 'EstQuam.xls', '/documents/sblowfield3@unesco.org/');
INSERT INTO public.documents (id_person, document_name, document_path)
  VALUES(7, 'ElitProinRisus.gif', '/documents/schatelet6@flavors.me/');
INSERT INTO public.documents (id_person, document_name, document_path)
  VALUES(12, 'AcConsequat.ppt', '/documents/dklimusb@google.com.hk/');
INSERT INTO public.documents (id_person, document_name, document_path)
  VALUES(25, 'Nam.xls', '/documents/sclausnero@globo.com/');
INSERT INTO public.documents (id_person, document_name, document_path)
  VALUES(13, 'In.tiff', '/documents/bsavinec@techcrunch.com/');
INSERT INTO public.documents (id_person, document_name, document_path)
  VALUES(7, 'PraesentBlanditLacinia.avi', '/documents/schatelet6@flavors.me/');
INSERT INTO public.documents (id_person, document_name, document_path)
  VALUES(19, 'Libero.avi', '/documents/jfatheri@dion.ne.jp/');
INSERT INTO public.documents (id_person, document_name, document_path)
  VALUES(20, 'NonVelit.ppt', '/documents/pmcmeekinj@bing.com/');
-- -----------------------------------------------------
-- Data for table public.document2project
-- -----------------------------------------------------
INSERT INTO public.document2project (id_document, id_project)
  VALUES (1, 1);
INSERT INTO public.document2project (id_document, id_project)
  VALUES (2, 1);
INSERT INTO public.document2project (id_document, id_project)
  VALUES (3, 2);
-- -----------------------------------------------------
-- Data for table public.person2project
-- -----------------------------------------------------
INSERT INTO public.person2project (id_person, id_project, id_role, invited_at, joined_at)
  VALUES(1, 1, 1, '2021-10-29 15:00:00', '2021-10-29 15:00:00');
INSERT INTO public.person2project (id_person, id_project, id_role, invited_at, joined_at)
  VALUES(2, 1, 2, '2021-10-29 15:00:00', '2021-10-29 15:00:00');
INSERT INTO public.person2project (id_person, id_project, id_role, invited_at, joined_at)
  VALUES(3, 1, 2, '2021-10-29 15:00:00', '2021-10-29 15:00:00');
INSERT INTO public.person2project (id_person, id_project, id_role, invited_at, joined_at)
  VALUES(4, 2, 1, '2021-10-29 15:00:00', '2021-10-29 15:00:00');
INSERT INTO public.person2project (id_person, id_project, id_role, invited_at, joined_at)
  VALUES(5, 2, 2, '2021-10-29 15:00:00', '2021-10-29 15:00:00');
INSERT INTO public.person2project (id_person, id_project, id_role, invited_at, joined_at)
  VALUES(6, 2, 3, '2021-10-29 15:00:00', '2021-10-29 15:00:00');
INSERT INTO public.person2project (id_person, id_project, id_role, invited_at, joined_at)
  VALUES(7, 3, 1, '2021-10-29 15:00:00', '2021-10-29 15:00:00');
INSERT INTO public.person2project (id_person, id_project, id_role, invited_at, joined_at)
  VALUES(8, 1, 3, '2021-10-29 15:00:00', '2021-10-29 15:00:00');
INSERT INTO public.person2project (id_person, id_project, id_role, invited_at, joined_at)
  VALUES(9, 2, 3, '2021-10-29 15:00:00', '2021-10-29 15:00:00');
INSERT INTO public.person2project (id_person, id_project, id_role, invited_at, joined_at)
  VALUES(10, 3, 3, '2021-10-29 15:00:00', '2021-10-29 15:00:00');
INSERT INTO public.person2project (id_person, id_project, id_role, invited_at, joined_at)
  VALUES(11, 3, 4, '2021-10-29 15:00:00', '2021-10-29 15:00:00');
INSERT INTO public.person2project (id_person, id_project, id_role, invited_at, joined_at)
  VALUES(12, 4, 1, '2021-10-29 15:00:00', '2021-10-29 15:00:00');
INSERT INTO public.person2project (id_person, id_project, id_role, invited_at, joined_at)
  VALUES(13, 5, 1, '2021-10-29 15:00:00', '2021-10-29 15:00:00');
INSERT INTO public.person2project (id_person, id_project, id_role, invited_at, joined_at)
  VALUES(14, 5, 2, '2021-10-29 15:00:00', '2021-10-29 15:00:00');
INSERT INTO public.person2project (id_person, id_project, id_role, invited_at, joined_at)
  VALUES(15, 4, 2, '2021-10-29 15:00:00', '2021-10-29 15:00:00');
INSERT INTO public.person2project (id_person, id_project, id_role, invited_at, joined_at)
  VALUES(16, 4, 2, '2021-10-29 15:00:00', '2021-10-29 15:00:00');
INSERT INTO public.person2project (id_person, id_project, id_role, invited_at, joined_at)
  VALUES(17, 1, 3, '2021-10-29 15:00:00', '2021-10-29 15:00:00');
-- -----------------------------------------------------
-- Data for table public.categories
-- -----------------------------------------------------
INSERT INTO public.categories (slug, title, created_at, updated_at)
  VALUES('web-app', 'Website Application', '2021-10-29 15:00:00', '2021-10-29 15:00:00');
INSERT INTO public.categories (slug, title, created_at, updated_at)
  VALUES('mobile-app', 'Mobile Application', '2021-10-29 15:00:00', '2021-10-29 15:00:00');
INSERT INTO public.categories (slug, title, created_at, updated_at)
  VALUES('apache', 'Apache HTTP Server', '2021-10-29 15:00:00', '2021-10-29 15:00:00');
INSERT INTO public.categories (slug, title, created_at, updated_at)
  VALUES('nginx', 'Nginx HTTP Server', '2021-10-29 15:00:00', '2021-10-29 15:00:00');
INSERT INTO public.categories (slug, title, created_at, updated_at)
  VALUES('windows-server-2019', 'Windows Server 2019', '2021-10-29 15:00:00', '2021-10-29 15:00:00');
-- -----------------------------------------------------
-- Data for table public.checklists
-- -----------------------------------------------------
INSERT INTO public.checklists (slug, title, description, created_at, updated_at)
  VALUES('ASVS 5.3.6f DOM based XSS', 'Isnt it possible to inject and run HTML or JavaScript code while manipulating the DOM? ', 'The purpose of this test is to verify that the application does not manipulate the tested input in such a way that it would move (copy) it to another place in the HTML document within the DOM and that it is not possible to inject your own HTML code or Javascript code into the HTML content.', '2021-10-29 15:00:00', '2021-10-29 15:00:00');
INSERT INTO public.checklists (slug, title, description, created_at, updated_at)
  VALUES('ASVS 5.3.6d Javascript injection', 'Isnt it possible to inject JavaScript code into dynamically executed content? ', 'The purpose of this test is to verify that it is not possible to inject JavaScript code into the content which is then dynamically executed (for example, by using the eval function) on the client side (web browser). If the injection was successful, a Cross-Site Scripting (XSS) attack could be triggered.', '2021-10-29 15:00:00', '2021-10-29 15:00:00');
INSERT INTO public.checklists (slug, title, description, created_at, updated_at)
  VALUES('ASVS 5.3.3 XSS protection', 'Are unsafe output metacharacters treated to prlog_event XSS attacks? ', 'The purpose of this test is to verify that the application applies metacharacter escaping to the output   VALUES, considering the specific output context (for example, whether it is a value of an HTML tag attribute, a content of a paired HTML tag, a value of an embedded JavaScript variable, etc.). The reason is to prlog_event attacks such as HTML injection and reflected, stored, or DOM-Based XSS.', '2021-10-29 15:00:00', '2021-10-29 15:00:00');
INSERT INTO public.checklists (slug, title, description, created_at, updated_at)
  VALUES('ASVS 4.2.2a CSRF protection', 'Are protection mechanisms against CRSF attacks implemented? ', 'The purpose of this test is to verify that the application verifies the users conscious intention for authorized requests on the server-side to prlog_event processing of such requests that users sent during a Cross-Site Request Forgery (CSRF) attack without their knowledge. The application must have such anti-CSRF protection implemented for authorized requests that can successfully prlog_event this type of attack. A suitable type of protection is, for example, adding a CSRF token between GET/POST parameters, or adding an HTTP authorization request header. Conversely, protection based on the value of the HTTP request header Referer, or the transfer of a CSRF token in the Cookie header, cannot be considered as suitable protection against CSRF attacks.', '2021-10-29 15:00:00', '2021-10-29 15:00:00');
INSERT INTO public.checklists (slug, title, description, created_at, updated_at)
  VALUES('ASVS 5.3.4-5 SQLi protection', 'Are SQL queries protected from SQL injection? ', 'The purpose of this test is to verify that all database queries (including inserting new records, deleting records, or modifying existing   VALUES) use parameterized queries, ORM, Entity Framework, or are otherwise protected from SQL injection attacks.', '2021-10-29 15:00:00', '2021-10-29 15:00:00');
INSERT INTO public.checklists (slug, title, description, created_at, updated_at)
  VALUES('MSTG-AUTH-1', 'Testing Confirm Credentials', 'The confirm credential flow is available since Android 6.0 and is used to ensure that users do not have to enter app-specific pwds together with the lock screen protection. Instead: if a user has logged in to the device recently, then confirm-credentials can be used to unlock cryptographic materials from the AndroidKeystore. That is, if the user unlocked the device within the set time limits (setUserAuthenticationValidityDurationSeconds), otherwise the device needs to be unlocked again.', '2021-10-29 15:00:00', '2021-10-29 15:00:00');
INSERT INTO public.checklists (slug, title, description, created_at, updated_at)
  VALUES('Nginx Root', 'Missing root location', 'The root directive specifies the root folder for Nginx. In the above example, the root folder is /etc/nginx which means that we can reach files within that folder. The above configuration does not have a location for / (location / {...}), only for /hello.txt. Because of this, the root directive will be globally set, meaning that requests to / will take you to the local path /etc/nginx.   ', '2021-10-29 15:00:00', '2021-10-29 15:00:00');
INSERT INTO public.checklists (slug, title, description, created_at, updated_at)
  VALUES('Nginx Vars', 'Unsafe variable use', 'Some frameworks, scripts and Nginx configurations unsafely use the variables stored by Nginx. This can lead to issues such as XSS, bypassing HttpOnly-protection, information disclosure and in some cases even RCE.', '2021-10-29 15:00:00', '2021-10-29 15:00:00');
INSERT INTO public.checklists (slug, title, description, created_at, updated_at)
  VALUES('ASVS 2.1.2b pwd truncat', 'Isnt the entered pwd truncated to a specific size on the server side? ', 'The purpose of this test is to verify that the truncation of the entered pwd is not performed on the server side and if so, what length is the entered pwd truncated to. Under no circumstances should the application truncate users pwds. In case that the pwd truncation is performed on the server side, it is necessary to significantly notify the user about this fact.', '2021-10-29 15:00:00', '2021-10-29 15:00:00');
INSERT INTO public.checklists (slug, title, description, created_at, updated_at)
  VALUES('AD Brute Force', 'Brute Force Active Directory', 'To brute force attack on active directory, you can use Metasploit Framework auxiliaries. You can use below auxiliary:', '2021-10-29 15:00:00', '2021-10-29 15:00:00');
-- -----------------------------------------------------
-- Data for table public.checklist2category
-- -----------------------------------------------------
INSERT INTO public.checklist2category (id_checklist, id_category)
  VALUES (1, 1);
INSERT INTO public.checklist2category (id_checklist, id_category)
  VALUES (2, 1);
INSERT INTO public.checklist2category (id_checklist, id_category)
  VALUES (3, 1);
INSERT INTO public.checklist2category (id_checklist, id_category)
  VALUES (4, 1);
INSERT INTO public.checklist2category (id_checklist, id_category)
  VALUES (5, 1);
INSERT INTO public.checklist2category (id_checklist, id_category)
  VALUES (6, 2);
INSERT INTO public.checklist2category (id_checklist, id_category)
  VALUES (7, 4);
INSERT INTO public.checklist2category (id_checklist, id_category)
  VALUES (8, 4);
INSERT INTO public.checklist2category (id_checklist, id_category)
  VALUES (9, 3);
INSERT INTO public.checklist2category (id_checklist, id_category)
  VALUES (10, 5);
-- -----------------------------------------------------
-- Data for table public.vulnerabilities
-- -----------------------------------------------------
INSERT INTO public.vulnerabilities (slug, title, cve, description, created_at, updated_at)
  VALUES('WP-CSSR-4-9', 'WordPress 4.9.x Cross-Site Request Forgery (4.9 - 4.9.9)', 'CVE-2019-9787', 'WordPress is prone to a cross-site request forgery vulnerability. Exploiting this issue may allow a remote attacker to perform certain administrative actions and gain unauthorized access to the affected application; other attacks are also possible. WordPress versions 4.9.x ranging from 4.9 and up to (and including) 4.9.9 are vulnerable.', '2021-10-29 15:00:00', '2021-10-29 15:00:00');
INSERT INTO public.vulnerabilities (slug, title, cve, description, created_at, updated_at)
  VALUES('WP-CSSR-5', 'WordPress 5.x Cross-Site Request Forgery', 'CVE-2019-9787', 'WordPress is prone to a cross-site request forgery vulnerability. Exploiting this issue may allow a remote attacker to perform certain administrative actions and gain unauthorized access to the affected application; other attacks are also possible. WordPress versions 5.0.x ranging from 5.0 and up to (and including) 5.0.3 are vulnerable.', '2021-10-29 15:00:00', '2021-10-29 15:00:00');
INSERT INTO public.vulnerabilities (slug, title, cve, description, created_at, updated_at)
  VALUES('http-parameter-pollution', 'HTTP Parameter Pollution Vulnerabilities', 'CVE-2019-4271', 'IBM WebSphere Application Server 7.0, 8.0, 8.5, and 9.0 Admin console is vulnerable to a Client-side HTTP parameter pollution vulnerability. IBM X-Force ID: 160243.', '2021-10-29 15:00:00', '2021-10-29 15:00:00');
INSERT INTO public.vulnerabilities (slug, title, cve, description, created_at, updated_at)
  VALUES('angularjs-remote-code-execution', 'AngularJS Remote Code Execution', 'CVE-2021-21277', 'angular-expressions is \"angulars nicest part extracted as a standalone module for the browser and node\". In angular-expressions before version 1.1.2 there is a vulnerability which allows Remote Code Execution if you call \"expressions.compile(userControlledInput)\" where \"userControlledInput\" is text that comes from user input. The security of the package could be bypassed by using a more complex payload, using a \".constructor.constructor\" technique. In terms of impact: If running angular-expressions in the browser, an attacker could run any browser script when the application code calls expressions.compile(userControlledInput). If running angular-expressions on the server, an attacker could run any Javascript expression, thus gaining Remote Code Execution. This is fixed in version 1.1.2 of angular-expressions A temporary workaround might be either to disable user-controlled input that will be fed into angular-expressions in your application or allow only following characters in the userControlledInput.', '2021-10-29 15:00:00', '2021-10-29 15:00:00');
INSERT INTO public.vulnerabilities (slug, title, cve, description, created_at, updated_at)
  VALUES('WPForms-Contact-Form', 'WPForms Contact Form XSS', 'CVE-2020-10385', 'A stored cross-site scripting (XSS) vulnerability exists in the WPForms Contact Form (aka wpforms-lite) plugin before 1.5.9 for WordPress.', '2021-10-29 15:00:00', '2021-10-29 15:00:00');
-- -----------------------------------------------------
-- Data for table public.targets
-- -----------------------------------------------------
INSERT INTO public.targets (id_category, slug, title, address, description, created_at, updated_at)
  VALUES(5, 'ronstring', 'Daltfresh', 'wordpress.com', 'Integer aliquet, massa id lobortis convallis, tortor risus dapibus augue, vel accumsan tellus nisi eu orci. Mauris lacinia sapien quis libero. Nullam sit amet turpis elementum ligula vehicula consequat. Morbi a ipsum. Integer a nibh. In quis justo.', '2021-10-29 15:00:00', '2021-10-29 15:00:00');
INSERT INTO public.targets (id_category, slug, title, address, description, created_at, updated_at)
  VALUES(5, 'vagram', 'Konklab', 'latimes.com', 'Ut at dolor quis odio consequat varius. Integer ac leo. Pellentesque ultrices mattis odio. Donec vitae nisi. Nam ultrices, libero non mattis pulvinar, nulla pede ullamcorper augue, a suscipit nulla elit ac nulla. Sed vel enim sit amet nunc viverra dapibus. Nulla suscipit ligula in lacus. Curabitur at ipsum ac tellus semper interdum.', '2021-10-29 15:00:00', '2021-10-29 15:00:00');
INSERT INTO public.targets (id_category, slug, title, address, description, created_at, updated_at)
  VALUES(1, 'sonair', 'Fixflex', 'wp.com', 'Cras pellentesque volutpat dui. Maecenas tristique, est et tempus semper, est quam pharetra magna, ac consequat metus sapien ut nunc. Vestibulum ante ipsum primis in faucibus orci luctus et ultrices posuere cubilia Curae; Mauris viverra diam vitae quam. Suspendisse potenti. Nullam porttitor lacus at turpis. Donec posuere metus vitae ipsum. Aliquam non mauris.', '2021-10-29 15:00:00', '2021-10-29 15:00:00');
INSERT INTO public.targets (id_category, slug, title, address, description, created_at, updated_at)
  VALUES(3, 'sonsing', 'Sonair', 'topsy.com', 'Suspendisse ornare consequat lectus. In est risus, auctor sed, tristique in, tempus sit amet, sem. Fusce consequat. Nulla nisl.', '2021-10-29 15:00:00', '2021-10-29 15:00:00');
INSERT INTO public.targets (id_category, slug, title, address, description, created_at, updated_at)
  VALUES(5, 'zaam-dox', 'Asoka', 'w3.org', 'Integer ac leo. Pellentesque ultrices mattis odio.', '2021-10-29 15:00:00', '2021-10-29 15:00:00');
INSERT INTO public.targets (id_category, slug, title, address, description, created_at, updated_at)
  VALUES(3, 'zathin', 'Zathin', 'photobucket.com', 'Morbi porttitor lorem id ligula. Suspendisse ornare consequat lectus. In est risus, auctor sed, tristique in, tempus sit amet, sem. Fusce consequat. Nulla nisl. Nunc nisl. Duis bibendum, felis sed interdum venenatis, turpis enim blandit mi, in porttitor pede justo eu massa. Donec dapibus. Duis at velit eu est congue elementum. In hac habitasse platea dictumst.', '2021-10-29 15:00:00', '2021-10-29 15:00:00');
INSERT INTO public.targets (id_category, slug, title, address, description, created_at, updated_at)
  VALUES(4, 'it', 'Namfix', 'bravesites.com', 'Nulla ac enim. In tempor, turpis nec euismod scelerisque, quam turpis adipiscing lorem, vitae mattis nibh ligula nec sem. Duis aliquam convallis nunc. Proin at turpis a pede posuere nonummy. Integer non velit.', '2021-10-29 15:00:00', '2021-10-29 15:00:00');
INSERT INTO public.targets (id_category, slug, title, address, description, created_at, updated_at)
  VALUES(5, 'cookley', 'Wrapsafe', 'google.co.uk', 'Nunc rhoncus dui vel sem. Sed sagittis. Nam congue, risus semper porta volutpat, quam pede lobortis ligula, sit amet eleifend pede libero quis orci. Nullam molestie nibh in lectus.', '2021-10-29 15:00:00', '2021-10-29 15:00:00');
INSERT INTO public.targets (id_category, slug, title, address, description, created_at, updated_at)
  VALUES(4, 'transcof', 'Tatity', 'usa.gov', 'Proin interdum mauris non ligula pellentesque ultrices. Phasellus id sapien in sapien iaculis congue. Vivamus metus arcu, adipiscing molestie, hendrerit at, vulputate vitae, nisl. Aenean lectus. Pellentesque eget nunc. Donec quis orci eget orci vehicula condimentum. Curabitur in libero ut massa volutpat convallis. Morbi odio odio, elementum eu, interdum eu, tincidunt in, leo. Maecenas pulvinar lobortis est. Phasellus sit amet erat.', '2021-10-29 15:00:00', '2021-10-29 15:00:00');
INSERT INTO public.targets (id_category, slug, title, address, description, created_at, updated_at)
  VALUES(4, 'bytecard2', 'Bytecard #2', 'purevolume.com', 'Curabitur in libero ut massa volutpat convallis. Morbi odio odio, elementum eu, interdum eu, tincidunt in, leo. Maecenas pulvinar lobortis est.', '2021-10-29 15:00:00', '2021-10-29 15:00:00');
INSERT INTO public.targets (id_category, slug, title, address, description, created_at, updated_at)
  VALUES(2, 'holdlamis', 'Zoolab PL', 'home.pl', 'In hac habitasse platea dictumst. Maecenas ut massa quis augue luctus tincidunt.', '2021-10-29 15:00:00', '2021-10-29 15:00:00');
INSERT INTO public.targets (id_category, slug, title, address, description, created_at, updated_at)
  VALUES(4, 'kanlam', 'Andalax', 'discuz.net', 'Proin interdum mauris non ligula pellentesque ultrices. Phasellus id sapien in sapien iaculis congue. Vivamus metus arcu, adipiscing molestie, hendrerit at, vulputate vitae, nisl.', '2021-10-29 15:00:00', '2021-10-29 15:00:00');
INSERT INTO public.targets (id_category, slug, title, address, description, created_at, updated_at)
  VALUES(4, 'stringtough', 'Stringtough', 'hao123.com', 'Nam congue, risus semper porta volutpat, quam pede lobortis ligula, sit amet eleifend pede libero quis orci. Nullam molestie nibh in lectus.', '2021-10-29 15:00:00', '2021-10-29 15:00:00');
INSERT INTO public.targets (id_category, slug, title, address, description, created_at, updated_at)
  VALUES(3, 'flexidy', 'Matsoft', 'scientificamerican.com', 'Sed ante. Vivamus tortor. Duis mattis egestas metus. Aenean fermentum. Donec ut mauris eget massa tempor convallis. Nulla neque libero, convallis eget, eleifend luctus, ultricies eu, nibh. Quisque id justo sit amet sapien dignissim vestibulum. Vestibulum ante ipsum primis in faucibus orci luctus et ultrices posuere cubilia Curae; Nulla dapibus dolor vel est. Donec odio justo, sollicitudin ut, suscipit a, feugiat et, eros. Vestibulum ac est lacinia nisi venenatis tristique.', '2021-10-29 15:00:00', '2021-10-29 15:00:00');
INSERT INTO public.targets (id_category, slug, title, address, description, created_at, updated_at)
  VALUES(4, 'rank', 'Spanrank', 'free.fr', 'In hac habitasse platea dictumst.', '2021-10-29 15:00:00', '2021-10-29 15:00:00');
INSERT INTO public.targets (id_category, slug, title, address, description, created_at, updated_at)
  VALUES(4, 'quo lux', 'Hatity', 'toplist.cz', 'Sed accumsan felis. Ut at dolor quis odio consequat varius. Integer ac leo. Pellentesque ultrices mattis odio. Donec vitae nisi. Nam ultrices, libero non mattis pulvinar, nulla pede ullamcorper augue, a suscipit nulla elit ac nulla. Sed vel enim sit amet nunc viverra dapibus. Nulla suscipit ligula in lacus. Curabitur at ipsum ac tellus semper interdum. Mauris ullamcorper purus sit amet nulla.', '2021-10-29 15:00:00', '2021-10-29 15:00:00');
INSERT INTO public.targets (id_category, slug, title, address, description, created_at, updated_at)
  VALUES(4, 'tempsoft', 'Fixflex 2', 'samsung.com', 'Quisque ut erat. Curabitur gravida nisi at nibh. In hac habitasse platea dictumst.', '2021-10-29 15:00:00', '2021-10-29 15:00:00');
INSERT INTO public.targets (id_category, slug, title, address, description, created_at, updated_at)
  VALUES(1, 'namfix', 'Flexidy', 'census.gov', 'Sed sagittis.', '2021-10-29 15:00:00', '2021-10-29 15:00:00');
INSERT INTO public.targets (id_category, slug, title, address, description, created_at, updated_at)
  VALUES(3, 'rytecard', 'Regrant', 'discuz.net', 'Proin eu mi. Nulla ac enim. In tempor, turpis nec euismod scelerisque, quam turpis adipiscing lorem, vitae mattis nibh ligula nec sem. Duis aliquam convallis nunc. Proin at turpis a pede posuere nonummy. Integer non velit. Donec diam neque, vestibulum eget, vulputate ut, ultrices vel, augue. Vestibulum ante ipsum primis in faucibus orci luctus et ultrices posuere cubilia Curae; Donec pharetra, magna vestibulum aliquet ultrices, erat tortor sollicitudin mi, sit amet lobortis sapien sapien non mi. Integer ac neque.', '2021-10-29 15:00:00', '2021-10-29 15:00:00');
INSERT INTO public.targets (id_category, slug, title, address, description, created_at, updated_at)
  VALUES(4, 'stronghold', 'Zontrax', 't-online.de', 'Maecenas rhoncus aliquam lacus.', '2021-10-29 15:00:00', '2021-10-29 15:00:00');
INSERT INTO public.targets (id_category, slug, title, address, description, created_at, updated_at)
  VALUES(4, 'fixflex', 'Keylex', 'wix.com', 'Nullam orci pede, venenatis non, sodales sed, tincidunt eu, felis. Fusce posuere felis sed lacus. Morbi sem mauris, laoreet ut, rhoncus aliquet, pulvinar sed, nisl. Nunc rhoncus dui vel sem. Sed sagittis. Nam congue, risus semper porta volutpat, quam pede lobortis ligula, sit amet eleifend pede libero quis orci. Nullam molestie nibh in lectus. Pellentesque at nulla. Suspendisse potenti.', '2021-10-29 15:00:00', '2021-10-29 15:00:00');
INSERT INTO public.targets (id_category, slug, title, address, description, created_at, updated_at)
  VALUES(4, 'daltfresh', 'Tres-Zap', 'rakuten.co.jp', 'Phasellus id sapien in sapien iaculis congue. Vivamus metus arcu, adipiscing molestie, hendrerit at, vulputate vitae, nisl. Aenean lectus. Pellentesque eget nunc. Donec quis orci eget orci vehicula condimentum. Curabitur in libero ut massa volutpat convallis. Morbi odio odio, elementum eu, interdum eu, tincidunt in, leo. Maecenas pulvinar lobortis est. Phasellus sit amet erat. Nulla tempus.', '2021-10-29 15:00:00', '2021-10-29 15:00:00');
INSERT INTO public.targets (id_category, slug, title, address, description, created_at, updated_at)
  VALUES(5, 'prodder', 'Latlux', 'wp.com', 'Aliquam non mauris. Morbi non lectus. Aliquam sit amet diam in magna bibendum imperdiet. Nullam orci pede, venenatis non, sodales sed, tincidunt eu, felis. Fusce posuere felis sed lacus.', '2021-10-29 15:00:00', '2021-10-29 15:00:00');
INSERT INTO public.targets (id_category, slug, title, address, description, created_at, updated_at)
  VALUES(4, 'andalax', 'Zathin Go', 'indiegogo.com', 'Integer aliquet, massa id lobortis convallis, tortor risus dapibus augue, vel accumsan tellus nisi eu orci.', '2021-10-29 15:00:00', '2021-10-29 15:00:00');
INSERT INTO public.targets (id_category, slug, title, address, description, created_at, updated_at)
  VALUES(4, 'bitchip', 'Bytecard', 'seattletimes.com', 'Duis mattis egestas metus. Aenean fermentum. Donec ut mauris eget massa tempor convallis.', '2021-10-29 15:00:00', '2021-10-29 15:00:00');
INSERT INTO public.targets (id_category, slug, title, address, description, created_at, updated_at)
  VALUES(4, 'toughjoyfax', 'Trippledexx', 'diigo.com', 'Nulla ut erat id mauris vulputate elementum.', '2021-10-29 15:00:00', '2021-10-29 15:00:00');
INSERT INTO public.targets (id_category, slug, title, address, description, created_at, updated_at)
  VALUES(2, 'veribet', 'Zoolab', 'hibu.com', 'Donec diam neque, vestibulum eget, vulputate ut, ultrices vel, augue. Vestibulum ante ipsum primis in faucibus orci luctus et ultrices posuere cubilia Curae; Donec pharetra, magna vestibulum aliquet ultrices, erat tortor sollicitudin mi, sit amet lobortis sapien sapien non mi.', '2021-10-29 15:00:00', '2021-10-29 15:00:00');
INSERT INTO public.targets (id_category, slug, title, address, description, created_at, updated_at)
  VALUES(3, 'gembucket', 'Hatity2', 'so-net.ne.jp', 'Nullam varius. Nulla facilisi. Cras non velit nec nisi vulputate nonummy. Maecenas tincidunt lacus at velit. Vivamus vel nulla eget eros elementum pellentesque. Quisque porta volutpat erat. Quisque erat eros, viverra eget, congue eget, semper rutrum, nulla. Nunc purus. Phasellus in felis. Donec semper sapien a libero.', '2021-10-29 15:00:00', '2021-10-29 15:00:00');
INSERT INTO public.targets (id_category, slug, title, address, description, created_at, updated_at)
  VALUES(2, 'domainer', 'Pannier', 'statcounter.com', 'Donec diam neque, vestibulum eget, vulputate ut, ultrices vel, augue. Vestibulum ante ipsum primis in faucibus orci luctus et ultrices posuere cubilia Curae; Donec pharetra, magna vestibulum aliquet ultrices, erat tortor sollicitudin mi, sit amet lobortis sapien sapien non mi. Integer ac neque. Duis bibendum. Morbi non quam nec dui luctus rutrum. Nulla tellus. In sagittis dui vel nisl. Duis ac nibh. Fusce lacus purus, aliquet at, feugiat non, pretium quis, lectus. Suspendisse potenti.', '2021-10-29 15:00:00', '2021-10-29 15:00:00');
INSERT INTO public.targets (id_category, slug, title, address, description, created_at, updated_at)
  VALUES(2, 'lotlux', 'Holdlamis', 'youku.com', 'Morbi odio odio, elementum eu, interdum eu, tincidunt in, leo. Maecenas pulvinar lobortis est. Phasellus sit amet erat. Nulla tempus. Vivamus in felis eu sapien cursus vestibulum. Proin eu mi. Nulla ac enim. In tempor, turpis nec euismod scelerisque, quam turpis adipiscing lorem, vitae mattis nibh ligula nec sem. Duis aliquam convallis nunc. Proin at turpis a pede posuere nonummy.', '2021-10-29 15:00:00', '2021-10-29 15:00:00');
INSERT INTO public.targets (id_category, slug, title, address, description, created_at, updated_at)
  VALUES(3, 'y-solowarm', 'Veribet solowarm', 'hexun.com', 'Sed sagittis. Nam congue, risus semper porta volutpat, quam pede lobortis ligula, sit amet eleifend pede libero quis orci. Nullam molestie nibh in lectus. Pellentesque at nulla. Suspendisse potenti.', '2021-10-29 15:00:00', '2021-10-29 15:00:00');
INSERT INTO public.targets (id_category, slug, title, address, description, created_at, updated_at)
  VALUES(4, 'zontrax', 'Tresom', 'spotify.com', 'Ut at dolor quis odio consequat varius. Integer ac leo. Pellentesque ultrices mattis odio. Donec vitae nisi.', '2021-10-29 15:00:00', '2021-10-29 15:00:00');
INSERT INTO public.targets (id_category, slug, title, address, description, created_at, updated_at)
  VALUES(3, 'tin', 'Gembucket', 'ezinearticles.com', 'Ut at dolor quis odio consequat varius. Integer ac leo. Pellentesque ultrices mattis odio. Donec vitae nisi.', '2021-10-29 15:00:00', '2021-10-29 15:00:00');
INSERT INTO public.targets (id_category, slug, title, address, description, created_at, updated_at)
  VALUES(4, 'voltsillam', 'Lotstring', 'reddit.com', 'Fusce posuere felis sed lacus. Morbi sem mauris, laoreet ut, rhoncus aliquet, pulvinar sed, nisl. Nunc rhoncus dui vel sem. Sed sagittis. Nam congue, risus semper porta volutpat, quam pede lobortis ligula, sit amet eleifend pede libero quis orci.', '2021-10-29 15:00:00', '2021-10-29 15:00:00');
INSERT INTO public.targets (id_category, slug, title, address, description, created_at, updated_at)
  VALUES(1, 'opela', 'Veribet', 'delicious.com', 'Maecenas pulvinar lobortis est. Phasellus sit amet erat. Nulla tempus.', '2021-10-29 15:00:00', '2021-10-29 15:00:00');
INSERT INTO public.targets (id_category, slug, title, address, description, created_at, updated_at)
  VALUES(1, 'stringtough2', 'Redhold', 'meetup.com', 'Donec posuere metus vitae ipsum. Aliquam non mauris. Morbi non lectus.', '2021-10-29 15:00:00', '2021-10-29 15:00:00');
INSERT INTO public.targets (id_category, slug, title, address, description, created_at, updated_at)
  VALUES(1, 'fix san', 'Sonsing', 'twitpic.com', 'Nulla tempus. Vivamus in felis eu sapien cursus vestibulum. Proin eu mi. Nulla ac enim. In tempor, turpis nec euismod scelerisque, quam turpis adipiscing lorem, vitae mattis nibh ligula nec sem. Duis aliquam convallis nunc. Proin at turpis a pede posuere nonummy. Integer non velit. Donec diam neque, vestibulum eget, vulputate ut, ultrices vel, augue. Vestibulum ante ipsum primis in faucibus orci luctus et ultrices posuere cubilia Curae; Donec pharetra, magna vestibulum aliquet ultrices, erat tortor sollicitudin mi, sit amet lobortis sapien sapien non mi.', '2021-10-29 15:00:00', '2021-10-29 15:00:00');
INSERT INTO public.targets (id_category, slug, title, address, description, created_at, updated_at)
  VALUES(4, 'wrapsafe', 'Zamit', 'cisco.com', 'Aliquam erat volutpat. In congue. Etiam justo. Etiam pretium iaculis justo. In hac habitasse platea dictumst. Etiam faucibus cursus urna. Ut tellus. Nulla ut erat id mauris vulputate elementum.', '2021-10-29 15:00:00', '2021-10-29 15:00:00');
INSERT INTO public.targets (id_category, slug, title, address, description, created_at, updated_at)
  VALUES(3, 'holdlamis2', 'Stronghold', 'china.com.cn', 'Vestibulum ante ipsum primis in faucibus orci luctus et ultrices posuere cubilia Curae; Nulla dapibus dolor vel est. Donec odio justo, sollicitudin ut, suscipit a, feugiat et, eros. Vestibulum ac est lacinia nisi venenatis tristique. Fusce congue, diam id ornare imperdiet, sapien urna pretium nisl, ut volutpat sapien arcu sed augue. Aliquam erat volutpat. In congue. Etiam justo. Etiam pretium iaculis justo. In hac habitasse platea dictumst. Etiam faucibus cursus urna.', '2021-10-29 15:00:00', '2021-10-29 15:00:00');
INSERT INTO public.targets (id_category, slug, title, address, description, created_at, updated_at)
  VALUES(1, 'sossing', 'Sub-Ex', 'hc360.com', 'Vestibulum sed magna at nunc commodo placerat. Praesent blandit. Nam nulla. Integer pede justo, lacinia eget, tincidunt eget, tempus vel, pede. Morbi porttitor lorem id ligula. Suspendisse ornare consequat lectus. In est risus, auctor sed, tristique in, tempus sit amet, sem.', '2021-10-29 15:00:00', '2021-10-29 15:00:00');
INSERT INTO public.targets (id_category, slug, title, address, description, created_at, updated_at)
  VALUES(5, 'matsoft', 'Opela', 'gov.uk', 'Aliquam augue quam, sollicitudin vitae, consectetuer eget, rutrum at, lorem. Integer tincidunt ante vel ipsum. Praesent blandit lacinia erat. Vestibulum sed magna at nunc commodo placerat. Praesent blandit. Nam nulla. Integer pede justo, lacinia eget, tincidunt eget, tempus vel, pede. Morbi porttitor lorem id ligula. Suspendisse ornare consequat lectus. In est risus, auctor sed, tristique in, tempus sit amet, sem.', '2021-10-29 15:00:00', '2021-10-29 15:00:00');
INSERT INTO public.targets (id_category, slug, title, address, description, created_at, updated_at)
  VALUES(2, 'cardguard', 'Span', 'msu.edu', 'Morbi a ipsum.', '2021-10-29 15:00:00', '2021-10-29 15:00:00');
INSERT INTO public.targets (id_category, slug, title, address, description, created_at, updated_at)
  VALUES(5, 'tampflex', 'Trippledex', 'mac.com', 'Fusce consequat. Nulla nisl. Nunc nisl. Duis bibendum, felis sed interdum venenatis, turpis enim blandit mi, in porttitor pede justo eu massa. Donec dapibus. Duis at velit eu est congue elementum.', '2021-10-29 15:00:00', '2021-10-29 15:00:00');
INSERT INTO public.targets (id_category, slug, title, address, description, created_at, updated_at)
  VALUES(1, 'cardify', 'Aerified', 'sohu.com', 'Morbi non quam nec dui luctus rutrum. Nulla tellus. In sagittis dui vel nisl. Duis ac nibh. Fusce lacus purus, aliquet at, feugiat non, pretium quis, lectus. Suspendisse potenti. In eleifend quam a odio. In hac habitasse platea dictumst.', '2021-10-29 15:00:00', '2021-10-29 15:00:00');
INSERT INTO public.targets (id_category, slug, title, address, description, created_at, updated_at)
  VALUES(3, 'temp', 'Alpha', 'apache.org', 'Cum sociis natoque penatibus et magnis dis parturient montes, nascetur ridiculus mus.', '2021-10-29 15:00:00', '2021-10-29 15:00:00');
INSERT INTO public.targets (id_category, slug, title, address, description, created_at, updated_at)
  VALUES(5, 'tempsoft2', 'Tin', 'ow.ly', 'Vestibulum ante ipsum primis in faucibus orci luctus et ultrices posuere cubilia Curae; Nulla dapibus dolor vel est. Donec odio justo, sollicitudin ut, suscipit a, feugiat et, eros. Vestibulum ac est lacinia nisi venenatis tristique. Fusce congue, diam id ornare imperdiet, sapien urna pretium nisl, ut volutpat sapien arcu sed augue. Aliquam erat volutpat. In congue. Etiam justo.', '2021-10-29 15:00:00', '2021-10-29 15:00:00');
INSERT INTO public.targets (id_category, slug, title, address, description, created_at, updated_at)
  VALUES(1, 'fintone', 'Voyatouch', 'theglobeandmail.com', 'Nulla suscipit ligula in lacus.', '2021-10-29 15:00:00', '2021-10-29 15:00:00');
INSERT INTO public.targets (id_category, slug, title, address, description, created_at, updated_at)
  VALUES(3, 'ventosanzap', 'Viva', 'comcast.net', 'Ut tellus.', '2021-10-29 15:00:00', '2021-10-29 15:00:00');
INSERT INTO public.targets (id_category, slug, title, address, description, created_at, updated_at)
  VALUES(5, 'trippledex', 'Zontrax Google', 'google.pl', 'Donec ut mauris eget massa tempor convallis. Nulla neque libero, convallis eget, eleifend luctus, ultricies eu, nibh. Quisque id justo sit amet sapien dignissim vestibulum.', '2021-10-29 15:00:00', '2021-10-29 15:00:00');
INSERT INTO public.targets (id_category, slug, title, address, description, created_at, updated_at)
  VALUES(5, 'wrapsafe2', 'mozilla', 'mozilla.com', 'Lorem ipsum dolor sit amet, consectetuer adipiscing elit. Proin risus. Praesent lectus. Vestibulum quam sapien, varius ut, blandit non, interdum in, ante. Vestibulum ante ipsum primis in faucibus orci luctus et ultrices posuere cubilia Curae; Duis faucibus accumsan odio. Curabitur convallis. Duis consequat dui nec nisi volutpat eleifend. Donec ut dolor. Morbi vel lectus in quam fringilla rhoncus. Mauris enim leo, rhoncus sed, vestibulum sit amet, cursus id, turpis.', '2021-10-29 15:00:00', '2021-10-29 15:00:00');
-- -----------------------------------------------------
-- Data for table public.vulnerability2target
-- -----------------------------------------------------
INSERT INTO public.vulnerability2target (id_vulnerability, id_target)
  VALUES (3, 2);
INSERT INTO public.vulnerability2target (id_vulnerability, id_target, description)
  VALUES (4, 1, 'Found only with penterepTools');
INSERT INTO public.vulnerability2target (id_vulnerability, id_target, description)
  VALUES (3, 3, 'Can be false positive');
INSERT INTO public.vulnerability2target (id_vulnerability, id_target)
  VALUES (1, 2);
INSERT INTO public.vulnerability2target (id_vulnerability, id_target)
  VALUES (1, 3);
INSERT INTO public.vulnerability2target (id_vulnerability, id_target, description)
  VALUES (2, 4, 'Tested multiple times');
INSERT INTO public.vulnerability2target (id_vulnerability, id_target)
  VALUES (4, 5);
INSERT INTO public.vulnerability2target (id_vulnerability, id_target)
  VALUES (1, 5);
-- -----------------------------------------------------
-- Data for table public.person2task
-- -----------------------------------------------------
INSERT INTO public.person2task (id_person2project, id_task)
  VALUES (1, 2);
INSERT INTO public.person2task (id_person2project, id_task)
  VALUES (2, 2);
INSERT INTO public.person2task (id_person2project, id_task)
  VALUES (1, 5);
INSERT INTO public.person2task (id_person2project, id_task)
  VALUES (1, 7);
INSERT INTO public.person2task (id_person2project, id_task)
  VALUES (1, 8);
INSERT INTO public.person2task (id_person2project, id_task)
  VALUES (1, 10);
INSERT INTO public.person2task (id_person2project, id_task)
  VALUES (2, 5);
INSERT INTO public.person2task (id_person2project, id_task)
  VALUES (2, 7);
INSERT INTO public.person2task (id_person2project, id_task)
  VALUES (2, 8);
INSERT INTO public.person2task (id_person2project, id_task)
  VALUES (2, 10);
INSERT INTO public.person2task (id_person2project, id_task)
  VALUES (4, 4);
INSERT INTO public.person2task (id_person2project, id_task)
  VALUES (4, 6);
INSERT INTO public.person2task (id_person2project, id_task)
  VALUES (4, 9);
INSERT INTO public.person2task (id_person2project, id_task)
  VALUES (5, 4);
INSERT INTO public.person2task (id_person2project, id_task)
  VALUES (5, 6);
INSERT INTO public.person2task (id_person2project, id_task)
  VALUES (5, 9);
INSERT INTO public.person2task (id_person2project, id_task)
  VALUES (6, 4);
INSERT INTO public.person2task (id_person2project, id_task)
  VALUES (6, 6);
INSERT INTO public.person2task (id_person2project, id_task)
  VALUES (6, 9);
-- -----------------------------------------------------
-- Data for table public.target2task
-- -----------------------------------------------------
INSERT INTO public.target2task (id_target, id_task)
  VALUES (1, 1);
INSERT INTO public.target2task (id_target, id_task)
  VALUES (2, 1);
INSERT INTO public.target2task (id_target, id_task)
  VALUES (3, 2);
INSERT INTO public.target2task (id_target, id_task)
  VALUES (4, 1);
INSERT INTO public.target2task (id_target, id_task)
  VALUES (5, 2);
INSERT INTO public.target2task (id_target, id_task)
  VALUES (6, 2);
INSERT INTO public.target2task (id_target, id_task)
  VALUES (7, 1);
INSERT INTO public.target2task (id_target, id_task)
  VALUES (8, 1);
INSERT INTO public.target2task (id_target, id_task)
  VALUES (9, 1);
-- -----------------------------------------------------
-- Data for table public.document_metadata
-- -----------------------------------------------------
INSERT INTO public.document_metadata (id_document, file_extension, file_type, file_size, created_at, updated_at)
  VALUES(1, 'application/pdf', 'pdf', 9207, '2021-10-29 15:00:00', '2021-10-29 15:00:00');
INSERT INTO public.document_metadata (id_document, file_extension, file_type, file_size, created_at, updated_at)
  VALUES(2, 'application/mspowerpoint', 'ppt', 4709, '2021-10-29 15:00:00', '2021-10-29 15:00:00');
INSERT INTO public.document_metadata (id_document, file_extension, file_type, file_size, created_at, updated_at)
  VALUES(3, 'image/x-tiff', 'xtff', 9980, '2021-10-29 15:00:00', '2021-10-29 15:00:00');
INSERT INTO public.document_metadata (id_document, file_extension, file_type, file_size, created_at, updated_at)
  VALUES(4, 'image/pjpeg', 'jpeg', 4532, '2021-10-29 15:00:00', '2021-10-29 15:00:00');
INSERT INTO public.document_metadata (id_document, file_extension, file_type, file_size, created_at, updated_at)
  VALUES(5, 'image/tiff', 'tff', 4021, '2021-10-29 15:00:00', '2021-10-29 15:00:00');
INSERT INTO public.document_metadata (id_document, file_extension, file_type, file_size, created_at, updated_at)
  VALUES(6, 'image/pjpeg', 'jpeg', 7468, '2021-10-29 15:00:00', '2021-10-29 15:00:00');
INSERT INTO public.document_metadata (id_document, file_extension, file_type, file_size, created_at, updated_at)
  VALUES(7, 'application/pdf', 'pdf', 7001, '2021-10-29 15:00:00', '2021-10-29 15:00:00');
INSERT INTO public.document_metadata (id_document, file_extension, file_type, file_size, created_at, updated_at)
  VALUES(8, 'audio/mpeg3', 'mpeg3', 4622, '2021-10-29 15:00:00', '2021-10-29 15:00:00');
INSERT INTO public.document_metadata (id_document, file_extension, file_type, file_size, created_at, updated_at)
  VALUES(9, 'application/x-excel', 'xxl', 6312, '2021-10-29 15:00:00', '2021-10-29 15:00:00');
INSERT INTO public.document_metadata (id_document, file_extension, file_type, file_size, created_at, updated_at)
  VALUES(10, 'application/x-msexcel', 'xmx', 8755, '2021-10-29 15:00:00', '2021-10-29 15:00:00');
-- -----------------------------------------------------
-- Data for table public.logs
-- -----------------------------------------------------
INSERT INTO public.logs (id_person, log_event, log_timestamp)
  VALUES(12, 'Sed accumsan felis.', '2021-10-29 15:00:00');
INSERT INTO public.logs (id_person, log_event, log_timestamp)
  VALUES(16, 'Suspendisse accumsan tortor quis turpis.', '2021-10-29 15:00:00');
INSERT INTO public.logs (id_person, log_event, log_timestamp)
  VALUES(20, 'Integer non velit.', '2021-10-29 15:00:00');
INSERT INTO public.logs (id_person, log_event, log_timestamp)
  VALUES(17, 'Nulla ut erat id mauris vulputate elementum.', '2021-10-29 15:00:00');
INSERT INTO public.logs (id_person, log_event, log_timestamp)
  VALUES(24, 'Vivamus tortor.', '2021-10-29 15:00:00');
INSERT INTO public.logs (id_person, log_event, log_timestamp)
  VALUES(15, 'Nam tristique tortor eu pede.', '2021-10-29 15:00:00');
INSERT INTO public.logs (id_person, log_event, log_timestamp)
  VALUES(18, 'Duis bibendum, felis sed interdum venenatis, turpis enim blandit mi, in porttitor pede justo eu massa.', '2021-10-29 15:00:00');
INSERT INTO public.logs (id_person, log_event, log_timestamp)
  VALUES(4, 'Praesent blandit lacinia erat.', '2021-10-29 15:00:00');
INSERT INTO public.logs (id_person, log_event, log_timestamp)
  VALUES(8, 'Maecenas leo odio, condimentum id, luctus nec, molestie sed, justo.', '2021-10-29 15:00:00');
INSERT INTO public.logs (id_person, log_event, log_timestamp)
  VALUES(6, 'Mauris sit amet eros.', '2021-10-29 15:00:00');
INSERT INTO public.logs (id_person, log_event, log_timestamp)
  VALUES(1, 'Quisque porta volutpat erat.', '2021-10-29 15:00:00');
INSERT INTO public.logs (id_person, log_event, log_timestamp)
  VALUES(20, 'Nam dui.', '2021-10-29 15:00:00');
INSERT INTO public.logs (id_person, log_event, log_timestamp)
  VALUES(25, 'Donec odio justo, sollicitudin ut, suscipit a, feugiat et, eros.', '2021-10-29 15:00:00');
INSERT INTO public.logs (id_person, log_event, log_timestamp)
  VALUES(21, 'In hac habitasse platea dictumst.', '2021-10-29 15:00:00');
INSERT INTO public.logs (id_person, log_event, log_timestamp)
  VALUES(18, 'Nullam sit amet turpis elementum ligula vehicula consequat.', '2021-10-29 15:00:00');
INSERT INTO public.logs (id_person, log_event, log_timestamp)
  VALUES(8, 'Phasellus id sapien in sapien iaculis congue.', '2021-10-29 15:00:00');
INSERT INTO public.logs (id_person, log_event, log_timestamp)
  VALUES(15, 'Curabitur at ipsum ac tellus semper interdum.', '2021-10-29 15:00:00');
INSERT INTO public.logs (id_person, log_event, log_timestamp)
  VALUES(21, 'Ut tellus.', '2021-10-29 15:00:00');
INSERT INTO public.logs (id_person, log_event, log_timestamp)
  VALUES(4, 'Praesent blandit.', '2021-10-29 15:00:00');
INSERT INTO public.logs (id_person, log_event, log_timestamp)
  VALUES(3, 'Morbi vestibulum, velit id pretium iaculis, diam erat fermentum justo, nec condimentum neque sapien placerat ante.', '2021-10-29 15:00:00');
INSERT INTO public.logs (id_person, log_event, log_timestamp)
  VALUES(16, 'Fusce consequat.', '2021-10-29 15:00:00');
INSERT INTO public.logs (id_person, log_event, log_timestamp)
  VALUES(12, 'Etiam vel augue.', '2021-10-29 15:00:00');
INSERT INTO public.logs (id_person, log_event, log_timestamp)
  VALUES(16, 'Nulla facilisi.', '2021-10-29 15:00:00');
INSERT INTO public.logs (id_person, log_event, log_timestamp)
  VALUES(21, 'Nullam molestie nibh in lectus.', '2021-10-29 15:00:00');
INSERT INTO public.logs (id_person, log_event, log_timestamp)
  VALUES(14, 'Donec quis orci eget orci vehicula condimentum.', '2021-10-29 15:00:00');
INSERT INTO public.logs (id_person, log_event, log_timestamp)
  VALUES(23, 'Donec dapibus.', '2021-10-29 15:00:00');
INSERT INTO public.logs (id_person, log_event, log_timestamp)
  VALUES(14, 'Proin interdum mauris non ligula pellentesque ultrices.', '2021-10-29 15:00:00');
INSERT INTO public.logs (id_person, log_event, log_timestamp)
  VALUES(22, 'Donec semper sapien a libero.', '2021-10-29 15:00:00');
INSERT INTO public.logs (id_person, log_event, log_timestamp)
  VALUES(8, 'Integer ac leo.', '2021-10-29 15:00:00');
INSERT INTO public.logs (id_person, log_event, log_timestamp)
  VALUES(1, 'Nulla facilisi.', '2021-10-29 15:00:00');
INSERT INTO public.logs (id_person, log_event, log_timestamp)
  VALUES(6, 'Fusce posuere felis sed lacus.', '2021-10-29 15:00:00');
INSERT INTO public.logs (id_person, log_event, log_timestamp)
  VALUES(24, 'Cras pellentesque volutpat dui.', '2021-10-29 15:00:00');
INSERT INTO public.logs (id_person, log_event, log_timestamp)
  VALUES(6, 'Cum sociis natoque penatibus et magnis dis parturient montes, nascetur ridiculus mus.', '2021-10-29 15:00:00');
INSERT INTO public.logs (id_person, log_event, log_timestamp)
  VALUES(1, 'Nunc rhoncus dui vel sem.', '2021-10-29 15:00:00');
INSERT INTO public.logs (id_person, log_event, log_timestamp)
  VALUES(10, 'Mauris sit amet eros.', '2021-10-29 15:00:00');
INSERT INTO public.logs (id_person, log_event, log_timestamp)
  VALUES(14, 'Nullam varius.', '2021-10-29 15:00:00');
INSERT INTO public.logs (id_person, log_event, log_timestamp)
  VALUES(25, 'Suspendisse ornare consequat lectus.', '2021-10-29 15:00:00');
INSERT INTO public.logs (id_person, log_event, log_timestamp)
  VALUES(3, 'Aliquam quis turpis eget elit sodales scelerisque.', '2021-10-29 15:00:00');
INSERT INTO public.logs (id_person, log_event, log_timestamp)
  VALUES(18, 'Nam tristique tortor eu pede.', '2021-10-29 15:00:00');
INSERT INTO public.logs (id_person, log_event, log_timestamp)
  VALUES(22, 'Maecenas pulvinar lobortis est.', '2021-10-29 15:00:00');
INSERT INTO public.logs (id_person, log_event, log_timestamp)
  VALUES(16, 'Curabitur convallis.', '2021-10-29 15:00:00');
INSERT INTO public.logs (id_person, log_event, log_timestamp)
  VALUES(12, 'In tempor, turpis nec euismod scelerisque, quam turpis adipiscing lorem, vitae mattis nibh ligula nec sem.', '2021-10-29 15:00:00');
INSERT INTO public.logs (id_person, log_event, log_timestamp)
  VALUES(21, 'Duis mattis egestas metus.', '2021-10-29 15:00:00');
INSERT INTO public.logs (id_person, log_event, log_timestamp)
  VALUES(15, 'Vestibulum quam sapien, varius ut, blandit non, interdum in, ante.', '2021-10-29 15:00:00');
INSERT INTO public.logs (id_person, log_event, log_timestamp)
  VALUES(19, 'Duis bibendum.', '2021-10-29 15:00:00');
INSERT INTO public.logs (id_person, log_event, log_timestamp)
  VALUES(21, 'Integer tincidunt ante vel ipsum.', '2021-10-29 15:00:00');
INSERT INTO public.logs (id_person, log_event, log_timestamp)
  VALUES(9, 'Praesent lectus.', '2021-10-29 15:00:00');
INSERT INTO public.logs (id_person, log_event, log_timestamp)
  VALUES(6, 'Aliquam sit amet diam in magna bibendum imperdiet.', '2021-10-29 15:00:00');
INSERT INTO public.logs (id_person, log_event, log_timestamp)
  VALUES(9, 'Vestibulum sed magna at nunc commodo placerat.', '2021-10-29 15:00:00');
INSERT INTO public.logs (id_person, log_event, log_timestamp)
  VALUES(25, 'Cras non velit nec nisi vulputate nonummy.', '2021-10-29 15:00:00');
INSERT INTO public.logs (id_person, log_event, log_timestamp)
  VALUES(15, 'Maecenas tincidunt lacus at velit.', '2021-10-29 15:00:00');
INSERT INTO public.logs (id_person, log_event, log_timestamp)
  VALUES(2, 'Nulla ut erat id mauris vulputate elementum.', '2021-10-29 15:00:00');
INSERT INTO public.logs (id_person, log_event, log_timestamp)
  VALUES (19, 'Maecenas pulvinar lobortis est.', '2021-10-29 15:00:00');
INSERT INTO public.logs (id_person, log_event, log_timestamp)
  VALUES (25, 'Pellentesque at nulla.', '2021-10-29 15:00:00');
INSERT INTO public.logs (id_person, log_event, log_timestamp)
  VALUES (25, 'Nullam sit amet turpis elementum ligula vehicula consequat.', '2021-10-29 15:00:00');
INSERT INTO public.logs (id_person, log_event, log_timestamp)
  VALUES (20, 'Ut at dolor quis odio consequat varius.', '2021-10-29 15:00:00');
INSERT INTO public.logs (id_person, log_event, log_timestamp)
  VALUES (22, 'Lorem ipsum dolor sit amet, consectetuer adipiscing elit.', '2021-10-29 15:00:00');
INSERT INTO public.logs (id_person, log_event, log_timestamp)
  VALUES (22, 'Morbi vestibulum, velit id pretium iaculis, diam erat fermentum justo, nec condimentum neque sapien placerat ante.', '2021-10-29 15:00:00');
INSERT INTO public.logs (id_person, log_event, log_timestamp)
  VALUES (22, 'Duis mattis egestas metus.', '2021-10-29 15:00:00');
INSERT INTO public.logs (id_person, log_event, log_timestamp)
  VALUES (16, 'In tempor, turpis nec euismod scelerisque, quam turpis adipiscing lorem, vitae mattis nibh ligula nec sem.', '2021-10-29 15:00:00');
INSERT INTO public.logs (id_person, log_event, log_timestamp)
  VALUES (8, 'Aliquam quis turpis eget elit sodales scelerisque.', '2021-10-29 15:00:00');
INSERT INTO public.logs (id_person, log_event, log_timestamp)
  VALUES (19, 'Nulla tempus.', '2021-10-29 15:00:00');
INSERT INTO public.logs (id_person, log_event, log_timestamp)
  VALUES (17, 'Donec posuere metus vitae ipsum.', '2021-10-29 15:00:00');
INSERT INTO public.logs (id_person, log_event, log_timestamp)
  VALUES (24, 'Nulla justo.', '2021-10-29 15:00:00');
INSERT INTO public.logs (id_person, log_event, log_timestamp)
  VALUES (18, 'Pellentesque eget nunc.', '2021-10-29 15:00:00');
INSERT INTO public.logs (id_person, log_event, log_timestamp)
  VALUES (22, 'Lorem ipsum dolor sit amet, consectetuer adipiscing elit.', '2021-10-29 15:00:00');
INSERT INTO public.logs (id_person, log_event, log_timestamp)
  VALUES (21, 'Nunc rhoncus dui vel sem.', '2021-10-29 15:00:00');
INSERT INTO public.logs (id_person, log_event, log_timestamp)
  VALUES (6, 'Integer non velit.', '2021-10-29 15:00:00');
INSERT INTO public.logs (id_person, log_event, log_timestamp)
  VALUES (19, 'Proin leo odio, porttitor id, consequat in, consequat ut, nulla.', '2021-10-29 15:00:00');
INSERT INTO public.logs (id_person, log_event, log_timestamp)
  VALUES (25, 'Duis mattis egestas metus.', '2021-10-29 15:00:00');
INSERT INTO public.logs (id_person, log_event, log_timestamp)
  VALUES (7, 'Praesent lectus.', '2021-10-29 15:00:00');
INSERT INTO public.logs (id_person, log_event, log_timestamp)
  VALUES (15, 'Integer ac neque.', '2021-10-29 15:00:00');
INSERT INTO public.logs (id_person, log_event, log_timestamp)
  VALUES (25, 'Maecenas tincidunt lacus at velit.', '2021-10-29 15:00:00');
INSERT INTO public.logs (id_person, log_event, log_timestamp)
  VALUES (5, 'Sed sagittis.', '2021-10-29 15:00:00');
INSERT INTO public.logs (id_person, log_event, log_timestamp)
  VALUES (16, 'Aliquam sit amet diam in magna bibendum imperdiet.', '2021-10-29 15:00:00');
INSERT INTO public.logs (id_person, log_event, log_timestamp)
  VALUES (10, 'Cras pellentesque volutpat dui.', '2021-10-29 15:00:00');
INSERT INTO public.logs (id_person, log_event, log_timestamp)
  VALUES (12, 'Vivamus metus arcu, adipiscing molestie, hendrerit at, vulputate vitae, nisl.', '2021-10-29 15:00:00');
INSERT INTO public.logs (id_person, log_event, log_timestamp)
  VALUES (10, 'Vestibulum ante ipsum primis in faucibus orci luctus et ultrices posuere cubilia Curae; Nulla dapibus dolor vel est.', '2021-10-29 15:00:00');
INSERT INTO public.logs (id_person, log_event, log_timestamp)
  VALUES (24, 'Vestibulum ac est lacinia nisi venenatis tristique.', '2021-10-29 15:00:00');
INSERT INTO public.logs (id_person, log_event, log_timestamp)
  VALUES (25, 'Maecenas tincidunt lacus at velit.', '2021-10-29 15:00:00');
INSERT INTO public.logs (id_person, log_event, log_timestamp)
  VALUES (7, 'Suspendisse ornare consequat lectus.', '2021-10-29 15:00:00');
INSERT INTO public.logs (id_person, log_event, log_timestamp)
  VALUES (17, 'Suspendisse ornare consequat lectus.', '2021-10-29 15:00:00');
INSERT INTO public.logs (id_person, log_event, log_timestamp)
  VALUES (15, 'Curabitur in libero ut massa volutpat convallis.', '2021-10-29 15:00:00');
INSERT INTO public.logs (id_person, log_event, log_timestamp)
  VALUES (7, 'Cras in purus eu magna vulputate luctus.', '2021-10-29 15:00:00');
INSERT INTO public.logs (id_person, log_event, log_timestamp)
  VALUES (17, 'Ut tellus.', '2021-10-29 15:00:00');
INSERT INTO public.logs (id_person, log_event, log_timestamp)
  VALUES (9, 'Cum sociis natoque penatibus et magnis dis parturient montes, nascetur ridiculus mus.', '2021-10-29 15:00:00');
INSERT INTO public.logs (id_person, log_event, log_timestamp)
  VALUES (24, 'Nulla suscipit ligula in lacus.', '2021-10-29 15:00:00');
INSERT INTO public.logs (id_person, log_event, log_timestamp)
  VALUES (3, 'Phasellus in felis.', '2021-10-29 15:00:00');
INSERT INTO public.logs (id_person, log_event, log_timestamp)
  VALUES (6, 'Suspendisse ornare consequat lectus.', '2021-10-29 15:00:00');
INSERT INTO public.logs (id_person, log_event, log_timestamp)
  VALUES (4, 'Duis bibendum.', '2021-10-29 15:00:00');
INSERT INTO public.logs (id_person, log_event, log_timestamp)
  VALUES (14, 'Duis ac nibh.', '2021-10-29 15:00:00');
INSERT INTO public.logs (id_person, log_event, log_timestamp)
  VALUES (16, 'Vivamus in felis eu sapien cursus vestibulum.', '2021-10-29 15:00:00');
INSERT INTO public.logs (id_person, log_event, log_timestamp)
  VALUES (16, 'Suspendisse potenti.', '2021-10-29 15:00:00');
INSERT INTO public.logs (id_person, log_event, log_timestamp)
  VALUES (10, 'Aenean sit amet justo.', '2021-10-29 15:00:00');
INSERT INTO public.logs (id_person, log_event, log_timestamp)
  VALUES (1, 'Ut tellus.', '2021-10-29 15:00:00');
INSERT INTO public.logs (id_person, log_event, log_timestamp)
  VALUES (25, 'Phasellus in felis.', '2021-10-29 15:00:00');
INSERT INTO public.logs (id_person, log_event, log_timestamp)
  VALUES (4, 'Duis ac nibh.', '2021-10-29 15:00:00');
INSERT INTO public.logs (id_person, log_event, log_timestamp)
  VALUES (13, 'Donec vitae nisi.', '2021-10-29 15:00:00');
INSERT INTO public.logs (id_person, log_event, log_timestamp)
  VALUES (15, 'Suspendisse potenti.', '2021-10-29 15:00:00');
INSERT INTO public.logs (id_person, log_event, log_timestamp)
  VALUES (22, 'Vivamus vestibulum sagittis sapien.', '2021-10-29 15:00:00');